yahoo_id,yahoo_name
7200,Aaron Rodgers
7777,Marcedes Lewis
8432,Nick Folk
8447,Mason Crosby
8565,Matt Prater
8795,Joe Flacco
8937,Josh Johnson
9265,Matthew Stafford
9526,Graham Gano
24070,Jimmy Graham
24793,Julio Jones
24797,Blaine Gabbert
24822,Andy Dalton
24851,Randall Cobb
24967,Tyrod Taylor
25718,Ryan Tannehill
25785,Russell Wilson
25812,Kirk Cousins
25871,Randy Bullock
25881,Greg Zuerlein
26389,Brandon Bolden
26483,Case Keenum
26534,Justin Tucker
26650,DeAndre Hopkins
26652,Cordarrelle Patterson
26658,Zach Ertz
26662,Geno Smith
26664,Robert Woods
26686,Travis Kelce
26699,Keenan Allen
26701,Marquise Goodwin
26721,Matt Barkley
26753,Kyle Juszczyk
26800,Dustin Hopkins
26804,Latavius Murray
27120,Brandon McManus
27277,Adam Thielen
27369,Brett Maher
27535,Mike Evans
27540,Odell Beckham Jr.
27548,Brandin Cooks
27560,Teddy Bridgewater
27564,Derek Carr
27570,Jordan Matthews
27581,Davante Adams
27589,Allen Robinson
27590,Jimmy Garoppolo
27624,Jerick McKinnon
27646,Martavis Bryant
27648,Logan Thomas
28026,Willie Snead IV
28141,Keith Smith
28188,Chris Boswell
28227,Cairo Santos
28365,Chris Manhertz
28378,Jason Myers
28389,Jameis Winston
28390,Marcus Mariota
28392,Amari Cooper
28402,DeVante Parker
28408,Nelson Agholor
28417,Phillip Dorsett II
28442,Ameer Abdullah
28457,Tyler Lockett
28464,Chris Conley
28473,Tyler Kroft
28493,Jamison Crowder
28505,Blake Bell
28531,MyCole Pruitt
28534,Stefon Diggs
28545,C.J. Uzomah
28556,Michael Burton
28592,Darren Waller
28634,Geoff Swaim
28638,Trevor Siemian
28654,Raheem Mostert
28658,Eric Tomlinson
28730,Damiere Byrd
28839,Taylor Heinicke
28947,DeAndre Carter
29235,Jared Goff
29236,Carson Wentz
29238,Ezekiel Elliott
29257,Laquon Treadwell
29269,Hunter Henry
29274,Sterling Shepard
29279,Derrick Henry
29281,Michael Thomas
29288,Tyler Boyd
29315,Austin Hooper
29325,Jacoby Brissett
29328,Nick Vannett
29341,Chris Moore
29344,Tyler Higbee
29360,Demarcus Robinson
29369,Dak Prescott
29390,Jonathan Williams
29399,Tyreek Hill
29420,Jakeem Grant
29421,Nate Sudfeld
29435,Brandon Allen
29441,Jeff Driskel
29470,Dwayne Washington
29631,Kalif Raymond
29703,Alex Erickson
29754,Wil Lutz
29785,Robbie Chosen
29789,Stephen Anderson
29792,Ka'imi Fairbairn
29951,C.J. Ham
29978,Jaydon Mickens
30112,Mo Alie-Cox
30115,Mitchell Trubisky
30120,Mike Williams
30121,Christian McCaffrey
30122,John Ross
30123,Patrick Mahomes
30125,Deshaun Watson
30136,Evan Engram
30142,David Njoku
30150,Zay Jones
30153,Curtis Samuel
30154,Dalvin Cook
30157,Gerald Everett
30161,Joe Mixon
30175,JuJu Smith-Schuster
30180,Alvin Kamara
30182,Cooper Kupp
30197,Chris Godwin
30199,Kareem Hunt
30202,D'Onta Foreman
30213,Jonnu Smith
30217,C.J. Beathard
30218,James Conner
30227,Samaje Perine
30230,Josh Reynolds
30231,Mack Hollins
30232,Tarik Cohen
30247,Jamaal Williams
30248,Joshua Dobbs
30256,Marlon Mack
30259,George Kittle
30266,Jake Elliott
30275,Jeremy McNichols
30278,Jamal Agnew
30284,Nathan Peterman
30285,Isaiah McKenzie
30287,Eric Saubert
30290,Trent Taylor
30295,Aaron Jones Sr.
30305,Alex Armah
30337,Zane Gonzalez
30339,David Moore
30346,Harrison Butker
30352,Noah Brown
30373,Johnny Mundt
30396,Keelan Cole Sr.
30423,Austin Ekeler
30426,Younghoe Koo
30502,Zach Pascal
30511,Tim Patrick
30538,P.J. Walker
30551,Kendrick Bourne
30552,Matt Breida
30563,Nick Mullens
30571,Anthony Firkser
30592,Patrick Ricard
30614,Taysom Hill
30627,Pharaoh Brown
30661,Jacob Hollister
30715,Greg Ward
30777,Robert Tonyan
30788,Cooper Rush
30860,Dare Ogunbowale
30955,River Cracraft
30971,Baker Mayfield
30972,Saquon Barkley
30973,Sam Darnold
30977,Josh Allen
30994,DJ Moore
30995,Hayden Hurst
30996,Calvin Ridley
30997,Rashaad Penny
31002,Lamar Jackson
31005,Nick Chubb
31010,Courtland Sutton
31012,Mike Gesicki
31014,Dante Pettis
31017,Christian Kirk
31019,Dallas Goedert
31021,Anthony Miller
31030,James Washington
31031,DJ Chark Jr.
31041,Royce Freeman
31046,Mason Rudolph
31051,Michael Gallup
31056,Mark Andrews
31061,Tre'Quan Smith
31068,Jordan Akins
31071,Ian Thomas
31074,Nyheim Hines
31090,Will Dissly
31093,Durham Smythe
31104,Chase Edmonds
31107,Dalton Schultz
31114,Justin Watson
31126,Troy Fumagalli
31127,Tyler Conklin
31129,Daurice Fountain
31137,Daniel Carlson
31141,Mike White
31144,Marquez Valdes-Scantling
31145,John Kelly Jr.
31155,Deon Cain
31157,Ray-Ray McCloud III
31164,Russell Gage Jr.
31171,Boston Scott
31177,Equanimeous St. Brown
31178,Cedrick Wilson Jr.
31180,Braxton Berrios
31181,Jordan Thomas
31190,Alex McGough
31199,Jason Sanders
31207,Nick Bawden
31210,Richie James
31219,Logan Woodside
31228,Mike Boone
31257,Tanner Hudson
31258,Godwin Igwebuike
31268,Allen Lazard
31283,David Wells
31301,Kyle Allen
31320,Trent Sherfield
31329,Ross Dwelley
31366,Michael Badgley
31394,Jeff Wilson Jr.
31405,Cam Sims
31424,Gus Edwards
31431,Tim Boyle
31441,Kevin Rader
31482,Eddy Pineiro
31496,Byron Pringle
31517,Keith Kirkwood
31538,Greg Joseph
31624,Deontay Burnett
31641,Brandon Powell
31734,Luis Perez
31769,KhaDarel Hodge
31777,Malik Turner
31803,John Wolford
31826,Jakob Johnson
31833,Kyler Murray
31838,Daniel Jones
31840,T.J. Hockenson
31852,Noah Fant
31856,Josh Jacobs
31857,Hollywood Brown
31864,N'Keal Harry
31868,Deebo Samuel
31874,Drew Lock
31882,Irv Smith Jr.
31883,A.J. Brown
31884,Drew Sample
31885,Miles Sanders
31888,Mecole Hardman
31891,Parris Campbell
31894,Andy Isabella
31896,DK Metcalf
31898,Diontae Johnson
31901,Josh Oliver
31905,David Montgomery
31906,Devin Singletary
31908,Terry McLaurin
31925,Miles Boykin
31928,Dawson Knox
31932,Will Grier
31934,Alexander Mattison
31935,Hakeem Butler
31945,Justice Hill
31953,Trevon Wesco
31960,Tony Pollard
31965,Jarrett Stidham
31969,Foster Moreau
31973,Zach Gentry
31977,Matt Gay
31981,Hunter Renfrow
31998,Easton Stick
32002,Austin Seibert
32003,Darius Slayton
32010,Gardner Minshew II
32014,Trayveon Williams
32018,Ty Johnson
32019,Juwann Winfree
32029,Trace McSorley
32036,Travis Homer
32038,Kelvin Harmon
32040,Scotty Miller
32060,Tommy Sweeney
32066,Myles Gaskin
32123,Olamide Zaccheaus
32124,Alex Bachman
32137,Nsimba Webster
32138,Jake Browning
32140,Khari Blasingame
32141,Davion Davis
32174,Matthew Wright
32187,Steven Sims
32201,Jalen Guyton
32221,Brett Rypien
32225,Andrew Beck
32231,Jakobi Meyers
32273,Stephen Carlson
32283,D.J. Montgomery
32292,Ashton Dulin
32342,Keelan Doss
32344,Alec Ingold
32367,Cody Thompson
32383,Austin Walter
32384,Joey Slye
32398,Deonte Harty
32415,Tyree Jackson
32417,Chase McLaughlin
32418,David Sills
32438,Trenton Irwin
32439,Patrick Laird
32442,Chris Myarick
32456,Donald Parham Jr.
32469,Stanley Morgan Jr.
32488,Malik Taylor
32494,Lil'Jordan Humphrey
32511,Tyron Billy-Johnson
32523,Greg Dortch
32533,Jeff Smith
32551,Matt Sokol
32561,Tom Kennedy
32576,Jesper Horsted
32588,Parker Hesse
32596,Craig Reynolds
32600,Jody Fortson
32608,D'Ernest Johnson
32612,Gunner Olszewski
32624,Marcus Simms
32630,Derrick Gore
32669,Jacques Patrick
32670,Ramiz Ahmed
32671,Joe Burrow
32675,Tua Tagovailoa
32676,Justin Herbert
32685,Jerry Jeudy
32687,CeeDee Lamb
32691,Jalen Reagor
32692,Justin Jefferson
32695,Brandon Aiyuk
32696,Jordan Love
32702,Clyde Edwards-Helaire
32703,Tee Higgins
32704,Michael Pittman Jr.
32705,D'Andre Swift
32711,Jonathan Taylor
32712,Laviska Shenault Jr.
32713,Cole Kmet
32716,KJ Hamler
32719,Chase Claypool
32722,Cam Akers
32723,Jalen Hurts
32725,J.K. Dobbins
32727,Van Jefferson
32729,Denzel Mims
32732,A.J. Dillon
32736,Antonio Gibson
32746,Ke'Shawn Vaughn
32750,Lynn Bowden Jr.
32756,Zack Moss
32761,Devin Asiasi
32762,Devin Duvernay
32763,Darrynton Evans
32764,Josiah Deguara
32771,Dalton Keene
32775,Adam Trautman
32782,Joshua Kelley
32785,Harrison Bryant
32788,Albert Okwuegbunam
32790,La'Mical Perine
32792,Jacob Eason
32794,Anthony McFarland
32798,Gabe Davis
32803,Colby Parkinson
32806,Brycen Hopkins
32814,DeeJay Dallas
32831,Tyler Johnson
32835,Collin Johnson
32836,Quintez Cephus
32837,Jake Fromm
32843,Darnell Mooney
32846,K.J. Osborn
32857,Donovan Peoples-Jones
32858,Tyler Bass
32859,Jake Luton
32860,Charlie Woerner
32870,Quez Watkins
32871,James Proche II
32876,Tyler Davis
32877,Isaiah Hodgins
32884,Freddie Swain
32887,Jauan Jennings
32892,Eno Benjamin
32901,Ben DiNucci
32921,Stephen Sullivan
32922,Tyrie Cleveland
32943,Andre Baccellia
32948,Cody White
32970,Noah Togiai
32993,Tyler Huntley
33001,Jaylon Moore
33023,Dan Chisena
33028,J.J. Taylor
33039,Austin Mack
33088,Jonathan Ward
33100,Rico Dowdle
33101,Sean McKeon
33109,Marquez Callaway
33113,Juwan Johnson
33114,Tony Jones
33138,James Robinson
33151,Giovanni Ricci
33168,Scotty Washington
33171,Mitchell Wilcox
33199,JaMycal Hasty
33235,Patrick Taylor Jr.
33253,Trishton Jackson
33265,Salvon Ahmed
33286,Tyler Mabry
33299,Easop Winston
33315,Nick Bowers
33329,Lawrence Cager
33340,Tommy Hudson
33348,Nick Westbrook-Ikhine
33349,Kristian Wilkerson
33351,Mason Kinsey
33357,Reggie Gilliam
33376,Chris Blair
33384,Mathew Sexton
33386,Sammis Reyes
33389,Trevor Lawrence
33390,Zach Wilson
33391,Trey Lance
33392,Kyle Pitts
33393,Ja'Marr Chase
33394,Jaylen Waddle
33398,DeVonta Smith
33399,Justin Fields
33403,Mac Jones
33408,Kadarius Toney
33412,Najee Harris
33413,Travis Etienne Jr.
33415,Rashod Bateman
33422,Elijah Moore
33423,Javonte Williams
33437,Rondale Moore
33443,Pat Freiermuth
33444,Dee Eskridge
33445,Tutu Atwell
33447,Terrace Marshall
33452,Kyle Trask
33454,Kellen Mond
33455,Davis Mills
33465,Joshua Palmer
33469,Hunter Long
33470,Dyami Brown
33471,Tommy Tremble
33476,Trey Sermon
33477,Nico Collins
33479,Anthony Schwartz
33485,Tre' McKitty
33495,Michael Carter
33497,Dez Fitzpatrick
33500,Amon-Ra St. Brown
33507,Kene Nwangwu
33508,Rhamondre Stevenson
33512,John Bates
33514,Chuba Hubbard
33515,Kylen Granson
33517,Jaelon Darden
33519,Tylan Wallace
33521,Ian Book
33529,Jacob Harris
33533,Luke Farrell
33535,Brevin Jordan
33537,Evan McPherson
33538,Kenneth Gainwell
33545,Ihmir Smith-Marsette
33550,Noah Gray
33556,Zach Davidson
33567,Simi Fehoko
33569,Cornell Powell
33571,Avery Williams
33572,Ben Mason
33575,Frank Darby
33582,Elijah Mitchell
33584,Gary Brightwell
33590,Chris Evans
33592,Shi Smith
33593,Racey McMath
33597,Jalen Camp
33599,Demetric Felton
33605,Khalil Herbert
33606,Sam Ehlinger
33607,Seth Williams
33620,Michael Strachan
33621,Jake Funk
33630,Tre Nixon
33637,Ben Skowronek
33642,Kawaan Baker
33644,Jermar Jefferson
33645,Dax Milne
33649,Tim Jones
33676,Hunter Kampmoyer
33705,Kenny Yeboah
33706,Jaret Patterson
33710,Brandon Smith
33724,Spencer Brown
33729,Feleipe Franks
33745,Austin Trammell
33759,Bernhard Seikovits
33773,Sage Surratt
33774,Brock Wright
33781,Riley Patterson
33793,Nate McCrary
33797,Tarik Black
33798,Deon Jackson
33803,Shane Zylstra
33804,Matt Bushman
33813,DJ Turner
33819,Quintin Morris
33828,Josh Pederson
33830,Austin Watkins Jr.
33836,Miller Forristall
33858,Cade Johnson
33879,Shane Buechele
33891,Jack Stoll
33901,Adam Prentice
33928,Michael Bandy
33932,Sal Cannella
33936,Michael Jacobson
33950,Nikola Kalinic
33953,Devon Allen
33963,Drake London
33965,Garrett Wilson
33966,Chris Olave
33967,Jameson Williams
33971,Jahan Dotson
33973,Treylon Burks
33975,Kenny Pickett
33989,Christian Watson
33991,Breece Hall
33996,Kenneth Walker III
33998,Wan'Dale Robinson
33999,John Metchie III
34005,Tyquan Thornton
34007,George Pickens
34008,Alec Pierce
34009,Skyy Moore
34010,Trey McBride
34019,James Cook
34027,Velus Jones Jr.
34029,Jelani Woods
34030,Desmond Ridder
34036,Greg Dulcich
34042,Malik Willis
34044,Jalen Tolbert
34047,Rachaad White
34049,Tyrion Davis-Price
34050,Matt Corral
34054,Brian Robinson Jr.
34055,David Bell
34057,Jeremy Ruckert
34061,Danny Gray
34062,Cade Otton
34063,Dameon Pierce
34068,Daniel Bellinger
34078,Zamir White
34079,Isaiah Spiller
34080,Cade York
34081,Erik Ezukanma
34083,Pierre Strong Jr.
34084,Charlie Kolar
34085,Jake Ferguson
34087,Hassan Haskins
34088,Romeo Doubs
34093,Bailey Zappe
34094,Calvin Austin III
34095,Isaiah Likely
34099,Chig Okonkwo
34100,Sam Howell
34104,Khalil Shakir
34105,Cole Turner
34107,Tyler Allgeier
34110,Snoop Conner
34112,Jerome Ford
34118,Montrell Washington
34119,Kyle Philips
34120,Kyren Williams
34125,Ty Chandler
34126,Teagan Quitoriano
34133,James Mitchell
34139,Kevin Harris
34147,Jalen Nailor
34148,Drew Ogletree
34152,Tyler Badie
34154,Grant Calcaterra
34157,Keaontay Ingram
34158,Michael Woods II
34163,Connor Heyward
34169,John FitzPatrick
34174,Ko Kieft
34183,Nick Muse
34185,Bo Melton
34189,Dareke Young
34197,Chris Oladokun
34203,Skylar Thompson
34206,Brittain Brown
34207,Isiah Pacheco
34214,Samori Toure
34216,Zander Horvath
34218,Brock Purdy
34231,Derek Wright
34242,Kevin Austin Jr.
34252,Gerrit Prince
34261,Tyler Goodson
34274,Curtis Hodges
34276,Kyric McGowan
34278,Armani Rogers
34300,Thomas Odukoya
34306,Jontre Kirklin
34309,Chris Pierce
34310,Ronnie Rivers
34319,Tay Martin
34320,Jordan Mason
34330,Lance McCutcheon
34344,Cameron Dicker
34346,E.J. Perry
34356,Irvin Charles
34357,Zonovan Knight
34374,Jake Tonges
34378,Britain Covey
34389,Anthony Brown
34402,Ricky Person Jr.
34407,Raleigh Webb
34440,Justyn Ross
34447,Jaylen Warren
34451,Julius Chestnut
34473,Kwamie Lassiter II
34476,Kendric Pryor
34478,Mike Harley Jr.
34489,Zaire Mitchell-Paden
34493,Ethan Fernea
34513,Tanner Conner
34520,Deven Thompkins
34534,Braylon Sanders
34543,Cole Fotheringham
34547,Justin Hall
34551,Sincere McCormick
34559,Samson Nacua
34569,Kaden Davis
34571,Brandon Johnson
34573,Tyreik McAllister
34579,Jalen Virgil
34581,Rodney Williams
34592,Dennis Houston
34594,Aaron Shampklin
34597,Troy Hairston
34601,Johnny Johnson III
34607,Peyton Hendershot
34610,Malik Davis
34617,Raheem Blackshear
34625,Tucker Fisk
34637,Stone Smartt
34654,Lucas Krull
34657,Parker Romo
34659,Rashid Shaheed
34665,Jashaun Corbin
34707,Drew Plitt
34709,KaVontae Turpin
34712,Maurice Alexander
34713,Daylen Baldwin
34719,Josh Ali
34720,Lucas Havrisik
40016,Nathan Rourke
40029,Bryce Young
40030,C.J. Stroud
40039,Zay Flowers
40040,Anthony Richardson Sr.
40041,Jaxon Smith-Njigba
40042,Jordan Addison
40048,Dalton Kincaid
40051,Quentin Johnston
40055,Bijan Robinson
40059,Jahmyr Gibbs
40061,Luke Schoonmaker
40063,Jayden Reed
40064,Sam LaPorta
40065,Michael Mayer
40068,Will Levis
40073,Jonathan Mingo
40074,Luke Musgrave
40075,Zach Charbonnet
40078,Brenton Strange
40084,Rashee Rice
40090,Marvin Mims Jr.
40093,Cedric Tillman
40094,Darnell Washington
40095,Tank Bigsby
40096,Hendon Hooker
40097,Tank Dell
40101,Cameron Latu
40102,Tucker Kraft
40108,Kendre Miller
40114,Tre Tucker
40118,De'Von Achane
40119,Tyjae Spears
40121,Michael Wilson
40126,Josh Downs
40128,Jalin Hyatt
40129,Jake Moody
40133,Derius Davis
40138,Aidan O'Connell
40141,Tyler Scott
40144,Jake Haener
40153,Stetson Bennett
40158,Charlie Jones
40159,Chad Ryland
40162,Roschon Johnson
40164,Davis Allen
40165,Israel Abanikanda
40167,Justin Shorter
40168,Puka Nacua
40169,Evan Hull
40173,Sean Clifford
40180,Will Mallory
40182,Josh Whyle
40185,Jaren Hall
40188,Clayton Tune
40193,Payne Durham
40195,Dorian Thompson-Robinson
40196,Chase Brown
40198,Eric Gray
40201,Dontayvion Wicks
40211,Andrei Iosivas
40214,Anders Carlson
40220,Tanner McKee
40222,DeMario Douglas
40223,Trey Palmer
40224,Kayshon Boutte
40226,Elijah Higgins
40231,Chris Rodriguez Jr.
40232,Xavier Hutchinson
40234,Parker Washington
40240,Deuce Vaughn
40242,A.T. Perry
40243,Zach Evans
40251,Grant DuBose
40255,Zack Kuntz
40257,Jalen Brooks
40260,Lew Nichols
40261,Brayden Willis
40263,Colton Dowell
40267,Kenny McIntosh
40272,Max Duggan
40279,Ronnie Bell
40281,Antoine Green
40285,DeWayne McBride
40288,Jared Wayne
40290,Malik Cunningham
40296,Blake Grupe
40298,Robert Burns
40299,Adrian Martinez
40300,Cephus Johnson III
40307,Jack Podlesny
40308,Malik Knowles
40311,Kazmeir Allen
40313,Mitchell Tinsley
40322,Thayer Thomas
40326,Kearis Jackson
40335,Ben Sims
40338,Shaquan Davis
40345,SaRodorick Thompson Jr.
40346,Joel Wilson
40348,Terrell Bynum
40352,Michael Ezeike
40358,Elijah Dotson
40367,Jaray Jenkins
40374,Elijah Cooks
40376,Tanner Brown
40399,Xavier Smith
40400,Dresser Winn
40406,Jack Colletto
40407,Brycen Tremayne
40419,Keilahn Harris
40420,Carlos Washington Jr.
40430,Emari Demercado
40432,Daniel Arias
40433,Blake Whiteheart
40438,Duece Watts
40444,Henry Pearson
40445,Malik Heath
40452,Jake Bobo
40458,Matt Landers
40460,Griffin Hebert
40466,Isaiah Winstead
40474,Jacob Saylors
40477,Patrick Murtagh
40491,Shedrick Jackson
40503,Thyrick Pitts
40504,Tyson Bagent
40507,Hassan Hall
40514,Joseph Ngata
40519,Brady Russell
40529,Bryce Ford-Wheaton
40533,Tommy DeVito
40535,Ryan Jones
40539,Zavier Scott
40545,Jason Brownlee
40548,Xavier Gipson
40550,E.J. Jenkins
40553,T.J. Luther
40565,Ty Scott
40570,Deneric Prince
40571,Nikko Remigio
40586,Mohamed Ibrahim
40590,Chase Cota
40619,Daewood Davis
40625,Chris Brooks
40629,Julian Hill
40630,Tyrell Shavers
40631,Jordan Mims
40634,Jalen Wayne
40637,Johnny Lumpkin
40639,Owen Wright
40640,Sean Ryan
40641,Keaton Mitchell
40643,Travis Vokolek
40671,Rakim Jarrett
40676,Ryan Miller
40680,Tanner Taula
40696,Jaleel McLaughlin
40702,Nate Adkins
40707,Emanuel Wilson
40710,Jacob Copeland
40712,Tre'Shaun Harrison
40721,Xazavian Valladay
40728,Jesse Matthews
40733,John Samuel Shenker
40737,Dylan Drummond
40742,Sean Tucker
40748,Ellis Merriweather
40760,Jordan Murray
40762,Bryan Thompson
40773,David Durden
40774,Jalen Cropper
40778,Princeton Fant
40780,Hunter Luepke
40782,John Stephens Jr.
40791,Lucky Jackson
40801,Izaiah Gathings
40819,Brandon Aubrey
40835,Jake Bates
40836,La'Michael Pettway
40872,Louis Rees-Zammit
40873,Charlie Smyth
40874,Dante Miller
40875,Bo Nix
40877,Xavier Worthy
40878,Brock Bowers
40881,Drake Maye
40883,Brian Thomas Jr.
40889,Michael Penix Jr.
40890,Xavier Legette
40892,Ricky Pearsall
40893,Marvin Harrison Jr.
40896,Jayden Daniels
40899,Malik Nabers
40900,Caleb Williams
40901,Rome Odunze
40905,J.J. McCarthy
40908,Ladd McConkey
40911,Keon Coleman
40914,Ja'Lynn Polk
40915,Adonai Mitchell
40926,Jonathon Brooks
40931,Ben Sinnott
40944,Malachi Corley
40952,Roman Wilson
40954,Jalen McMillan
40958,Trey Benson
40959,Tip Reiman
40962,Blake Corum
40964,Luke McCaffrey
40971,MarShawn Lloyd
40974,Jermaine Burton
40978,Jared Wiley
40980,Ray Davis
40981,Braelon Allen
40982,Javon Baker
40987,Cade Stover
40989,Erick All Jr.
40991,Devontez Walker
40993,Bucky Irving
40995,Ja'Tavion Sanders
40996,Jacob Cowing
40998,Isaac Guerendo
41001,AJ Barner
41002,Will Shipley
41003,Theo Johnson
41006,Sione Vaki
41009,Troy Franklin
41010,Jaylen Wright
41016,Jamari Thrash
41019,Audric Estime
41030,Ainias Smith
41031,Isaiah Davis
41033,Rasheen Ali
41037,Jordan Travis
41041,Keilan Robinson
41043,Spencer Rattler
41045,Bub Means
41046,Anthony Gould
41048,Tyrone Tracy Jr.
41052,Kimani Vidal
41054,Dylan Laube
41058,Malik Washington
41060,Joe Milton III
41062,Cam Little
41064,Jawhar Jordan
41065,Jha'Quan Jackson
41066,Tanner McLachlan
41069,Devin Leary
41074,Casey Washington
41075,Jase McClellan
41079,Tejhaun Palmer
41081,Joshua Karty
41083,Jordan Whittington
41087,Ryan Flournoy
41089,Johnny Wilson
41093,Will Reichard
41097,Devaughn Vele
41098,Brenden Rice
41099,Cornelius Johnson
41104,Tahj Washington
41106,Jaheim Bell
41120,Devin Culp
41130,Michael Pratt
41133,Carter Bradley
41134,Daijun Edwards
41135,John Rhys Plumlee
41139,Luke Benson
41140,Leon Johnson
41141,Zach Heins
41142,Casey Bauman
41143,Jaelen Gill
41147,Jaylen Johnson
41150,Jeff Foreman
41162,Ramel Keyton
41163,Tulu Griffin
41179,Jermaine Jackson
41180,Dallin Holker
41183,Jacob Kibodi
41185,Kyle Sheets
41188,Mason Tipton
41193,Cody Schrader
41194,Tanner Mordecai
41195,Terique Owens
41201,Trey Knox
41202,Xavier Weaver
41203,Ty James
41205,Jeshaun Jones
41206,Ahmarean Brown
41207,Devron Harper
41220,Austin Reed
41226,Isaiah Wooden
41231,JaQuae Jackson
41233,Colson Yankoff
41234,Michael Wiley
41235,Brayden Narveson
41237,Austin Jones
41238,Sam Hartman
41239,Marcus Rosemy-Jacksaint
41243,Frank Gore Jr.
41247,Steven Stilianos
41250,Emory Jones
41251,Bryce Oliver
41252,Sam Schnee
41256,Dillon Johnson
41259,Tayvion Robinson
41261,Chris Collier
41262,Dayton Wade
41263,Isaiah Washington
41271,Emani Bailey
41274,Xavier Johnson
41275,Lawrence Keys III
41292,Jack Plummer
41293,Jalen Coker
41294,Sam Pinckney
41295,Nathaniel Peat
41299,D.J. Williams
41300,Kameron Johnson
41302,Jaden Shirden
41303,Devin Carter
41308,Zack Annexstad
41312,Harrison Mevis
41319,OJ Hiliare
41322,Ian Wheeler
41333,Tyler Harrell
41337,Noah Cain
41338,Rocky Lombardi
41339,Elijah Collins
41342,Hayden Hatten
41344,George Holani
41346,Kobe Lewis
41347,Dee Williams
41348,TaMerik Williams
41352,Jack Westover
41353,Cam Grandy
41363,Treyton Welch
41364,Aidan Robbins
41368,Mason Pline
41369,Cam Johnson
41370,Corey Crooms
41371,Brevyn Spann-Ford
41373,McCallan Castles
41377,Kendall Milton
41382,Alec Holler
41388,Blake Watson
41390,Dylan Leonard
41397,Thomas Yassmin
41406,Ayir Asante
41411,Joshua Cephus
41412,Deshaun Fenwick
41416,Jacob Warren
41421,Isaiah Williams
41425,Je'Quan Burton
41431,Gavin Hardison
41434,Isaac Rex
41437,James Turner
41442,Jalon Calhoun
41446,Jarveon Howard
41451,Julian Hicks
41453,Drake Stoops
41454,Sam Wiglusz
41455,Neal Johnson
41463,Messiah Swinson
41464,Carson Steele
41473,Zach Mathis
41475,Jaaron Hayek
41476,Kedon Slovis
41478,Xavier White
41479,Jason Bean
41480,British Brooks
41484,Jaxon Janke
41490,Trent Pennix
41499,Spencer Shrader
41502,Cole Burgess
41503,Austin Stogner
41506,John Paddock
41508,Kevin Foelsch
41511,Brevin Easton
41512,Shawn Bowman
41518,Joseph Scates
41519,Jalen Jackson
41522,David White Jr.
41524,Lorenzo Lingard
41528,JJ Laap
41539,Marcus Riley
41540,Lincoln Sefcik
41544,Mike Rigerman
41549,Riley Sharp
41555,Phillip Brooks
41556,Baylor Cupp
41562,Qadir Ismail
41566,Mason Fairchild
41573,Jacob Sirmon
41574,Colby Suits
41580,Andrew Peasley
41581,Dimitri Stanley
41632,Markese Stepp
41661,Jabari Small
41662,David Martin-Robinson
41663,Latreal Jones
41672,Praise Olatoke
41674,Peter LeBlanc
41675,Brenden Bates
41686,Jude McAtamney
41687,John Jiles
41692,Hayden Rucci
41693,Tre Mosley
41697,Jadon Janke
41698,Tanner Knue
41702,Ramon Jefferson
41711,John Jackson
41713,Terrell Jennings
41714,Hamze El-Zayat
41722,David Wallis
41725,Derek Slywka
41733,Rory Starkey
41735,Ben Bryant
41736,Kairee Robinson
41738,Geor'Quarius Spivey
41741,Alex Hale
41762,Devon Garrison
100001,Atlanta
100002,Buffalo
100003,Chicago
100004,Cincinnati
100005,Cleveland
100006,Dallas
100007,Denver
100008,Detroit
100009,Green Bay
100010,Tennessee
100011,Indianapolis
100012,Kansas City
100013,Las Vegas
100014,Los Angeles
100015,Miami
100016,Minnesota
100017,New England
100018,New Orleans
100019,New York
100020,New York
100021,Philadelphia
100022,Arizona
100023,Pittsburgh
100024,Los Angeles
100025,San Francisco
100026,Seattle
100027,Tampa Bay
100028,Washington
100029,Carolina
100030,Jacksonville
100033,Baltimore
100034,Houston
